SampleTimeFine,dq_W,dq_X,dq_Y,dq_Z,dv[1],dv[2],dv[3]
104436,1.0000,0.0004,0.0002,0.0000,0.0009,0.0004,0.1645
104769,1.0000,0.0007,0.0003,0.0000,0.0024,0.0005,0.3289
105103,1.0000,0.0007,0.0004,0.0000,0.0009,0.0004,0.3291
105436,1.0000,0.0007,0.0004,0.0000,0.0016,0.0020,0.3291
105769,1.0000,0.0007,0.0003,0.0000,0.0014,0.0008,0.3289
106103,1.0000,0.0007,0.0004,0.0000,0.0023,0.0004,0.3297
106436,1.0000,0.0007,0.0004,0.0000,0.0012,0.0007,0.3293
106769,1.0000,0.0007,0.0003,0.0000,0.0007,0.0013,0.3289
107103,1.0000,0.0007,0.0003,0.0000,0.0023,0.0013,0.3289
107436,1.0000,0.0007,0.0003,0.0000,0.0019,0.0000,0.3293
107769,1.0000,0.0007,0.0004,0.0000,0.0020,0.0008,0.3294
108103,1.0000,0.0007,0.0003,0.0000,0.0011,0.0014,0.3291
108436,1.0000,0.0007,0.0004,0.0000,0.0016,0.0014,0.3289
108769,1.0000,0.0007,0.0004,0.0000,0.0018,0.0002,0.3297
109103,1.0000,0.0007,0.0004,0.0000,0.0021,0.0002,0.3294
109436,1.0000,0.0007,0.0003,0.0000,0.0018,0.0013,0.3291
109770,1.0000,0.0007,0.0003,0.0000,0.0011,0.0009,0.3289
110103,1.0000,0.0007,0.0003,0.0000,0.0017,0.0011,0.3290
110436,1.0000,0.0007,0.0004,0.0000,0.0017,0.0006,0.3289
110770,1.0000,0.0007,0.0004,0.0000,0.0015,0.0010,0.3289
111103,1.0000,0.0007,0.0003,0.0000,0.0014,0.0012,0.3296
111436,1.0000,0.0007,0.0004,0.0000,0.0012,0.0007,0.3294
111770,1.0000,0.0007,0.0003,0.0000,0.0018,0.0010,0.3293
112103,1.0000,0.0007,0.0003,0.0000,0.0013,0.0005,0.3288
112436,1.0000,0.0007,0.0003,0.0000,0.0016,0.0015,0.3290
112770,1.0000,0.0008,0.0003,0.0000,0.0020,0.0009,0.3293
113103,1.0000,0.0007,0.0004,0.0000,0.0014,0.0005,0.3290
113436,1.0000,0.0007,0.0004,0.0000,0.0017,0.0010,0.3290
113770,1.0000,0.0007,0.0004,0.0000,0.0016,0.0012,0.3288
114103,1.0000,0.0007,0.0004,0.0000,0.0024,0.0011,0.3287
114436,1.0000,0.0007,0.0003,0.0000,0.0014,0.0005,0.3290
114770,1.0000,0.0007,0.0004,0.0000,0.0012,0.0006,0.3290
115103,1.0000,0.0007,0.0004,0.0000,0.0004,0.0018,0.3289
115436,1.0000,0.0007,0.0004,0.0000,0.0029,0.0034,0.3290
115770,1.0000,0.0007,0.0003,-0.0000,0.0005,-0.0017,0.3293
116103,1.0000,0.0007,0.0004,0.0001,0.0045,-0.0015,0.3291
116436,1.0000,0.0007,0.0004,0.0000,0.0022,0.0025,0.3288
116770,1.0000,0.0007,0.0004,0.0000,-0.0017,0.0023,0.3294
117103,1.0000,0.0007,0.0003,0.0000,0.0039,0.0024,0.3292
117436,1.0000,0.0007,0.0003,0.0000,0.0013,-0.0033,0.3291
117770,1.0000,0.0007,0.0004,0.0001,0.0035,0.0012,0.3290
118103,1.0000,0.0007,0.0004,-0.0000,-0.0003,0.0026,0.3288
118436,1.0000,0.0007,0.0003,0.0001,0.0005,0.0023,0.3295
118770,1.0000,0.0007,0.0003,0.0000,0.0036,-0.0000,0.3293
119103,1.0000,0.0007,0.0003,0.0000,0.0006,-0.0027,0.3291
119436,1.0000,0.0007,0.0003,0.0000,0.0031,0.0039,0.3293
119770,1.0000,0.0007,0.0004,0.0000,-0.0000,0.0018,0.3291
120103,1.0000,0.0007,0.0004,0.0001,0.0022,-0.0000,0.3294
120436,1.0000,0.0007,0.0004,0.0000,0.0023,-0.0010,0.3297
120770,1.0000,0.0007,0.0004,0.0001,0.0011,0.0009,0.3293
121103,1.0000,0.0007,0.0004,0.0000,0.0029,0.0038,0.3293
121436,1.0000,0.0007,0.0003,0.0000,-0.0002,-0.0010,0.3291
121770,1.0000,0.0007,0.0004,0.0001,0.0033,0.0002,0.3288
122103,1.0000,0.0007,0.0003,0.0000,0.0015,0.0010,0.3289
122436,1.0000,0.0007,0.0004,0.0001,0.0011,0.0026,0.3295
122770,1.0000,0.0007,0.0003,0.0000,0.0021,0.0010,0.3290
123103,1.0000,0.0007,0.0003,0.0000,0.0014,-0.0014,0.3292
123436,1.0000,0.0007,0.0003,0.0000,0.0028,0.0019,0.3296
123770,1.0000,0.0007,0.0003,0.0000,-0.0002,0.0014,0.3294
124103,1.0000,0.0007,0.0004,0.0000,0.0024,0.0016,0.3294
124436,1.0000,0.0007,0.0003,0.0000,0.0021,-0.0011,0.3293
124770,1.0000,0.0007,0.0004,0.0000,0.0013,0.0000,0.3290
125103,1.0000,0.0007,0.0004,0.0000,0.0014,0.0030,0.3290
125436,1.0000,0.0007,0.0003,0.0000,0.0007,0.0010,0.3296
125770,1.0000,0.0007,0.0004,0.0000,0.0035,0.0003,0.3294
126103,1.0000,0.0007,0.0003,0.0000,0.0016,-0.0010,0.3291
126437,1.0000,0.0007,0.0004,0.0000,0.0011,0.0023,0.3290
126770,1.0000,0.0007,0.0003,0.0000,0.0011,0.0027,0.3293
127103,1.0000,0.0007,0.0004,0.0000,0.0018,-0.0005,0.3295
127437,1.0000,0.0007,0.0004,0.0000,0.0031,-0.0002,0.3295
127770,1.0000,0.0008,0.0004,0.0000,0.0005,0.0003,0.3298
128103,1.0000,0.0007,0.0004,0.0000,0.0016,0.0033,0.3294
128437,1.0000,0.0007,0.0003,0.0000,0.0014,0.0004,0.3297
128770,1.0000,0.0007,0.0004,0.0000,0.0023,-0.0010,0.3293
129103,1.0000,0.0007,0.0004,0.0000,0.0023,0.0008,0.3292
129437,1.0000,0.0007,0.0003,0.0000,0.0005,0.0022,0.3294
129770,1.0000,0.0007,0.0004,0.0000,0.0022,0.0021,0.3292
130103,1.0000,0.0007,0.0004,0.0000,0.0019,-0.0008,0.3290
130437,1.0000,0.0007,0.0003,0.0000,0.0027,0.0004,0.3295
130770,1.0000,0.0007,0.0003,0.0000,0.0012,0.0019,0.3290
131103,1.0000,0.0007,0.0003,0.0000,0.0009,0.0015,0.3296
131437,1.0000,0.0007,0.0004,0.0000,0.0024,0.0005,0.3292
131770,1.0000,0.0007,0.0004,0.0000,0.0015,-0.0007,0.3292
132103,1.0000,0.0007,0.0003,0.0000,0.0021,0.0019,0.3299
132437,1.0000,0.0007,0.0003,0.0000,0.0006,0.0013,0.3295
132770,1.0000,0.0007,0.0003,0.0001,0.0018,0.0008,0.3295
133103,1.0000,0.0007,0.0004,0.0000,0.0019,-0.0002,0.3297
133437,1.0000,0.0007,0.0004,0.0000,0.0015,0.0009,0.3295
133770,1.0000,0.0007,0.0003,0.0000,0.0023,0.0023,0.3293
134103,1.0000,0.0007,0.0004,0.0000,0.0004,-0.0001,0.3288
134437,1.0000,0.0007,0.0004,0.0000,0.0020,-0.0005,0.3297
134770,1.0000,0.0007,0.0004,0.0000,0.0028,0.0016,0.3288
135103,1.0000,0.0007,0.0003,0.0000,0.0014,0.0018,0.3292
135437,1.0000,0.0007,0.0004,0.0000,0.0006,0.0004,0.3292
135770,1.0000,0.0007,0.0004,0.0000,0.0019,-0.0005,0.3295
136103,1.0000,0.0007,0.0003,0.0000,0.0032,0.0015,0.3297
136437,1.0000,0.0007,0.0004,0.0000,0.0001,0.0016,0.3291
136770,1.0000,0.0007,0.0003,0.0000,0.0012,0.0013,0.3289
137103,1.0000,0.0007,0.0003,0.0000,0.0031,-0.0002,0.3293
137437,1.0000,0.0007,0.0004,0.0000,0.0016,0.0005,0.3290
137770,1.0000,0.0007,0.0004,0.0000,0.0007,0.0014,0.3293
138103,1.0000,0.0007,0.0003,0.0000,0.0010,0.0021,0.3294
138437,1.0000,0.0007,0.0004,0.0000,0.0028,0.0005,0.3296
138770,1.0000,0.0007,0.0004,0.0000,0.0022,-0.0003,0.3292
139103,1.0000,0.0007,0.0004,0.0000,0.0005,0.0008,0.3294
139437,1.0000,0.0007,0.0003,0.0000,0.0011,0.0027,0.3297
139770,1.0000,0.0007,0.0004,0.0000,0.0028,0.0011,0.3294
140103,1.0000,0.0007,0.0003,0.0000,0.0014,-0.0015,0.3294
140437,1.0000,0.0007,0.0004,0.0000,0.0017,0.0008,0.3292
140770,1.0000,0.0007,0.0004,0.0000,0.0019,0.0034,0.3294
141103,1.0000,0.0007,0.0003,0.0000,0.0012,0.0012,0.3286
141437,1.0000,0.0007,0.0003,0.0000,0.0014,-0.0014,0.3294
141770,1.0000,0.0007,0.0004,0.0000,0.0017,0.0002,0.3296
142103,1.0000,0.0007,0.0003,0.0000,0.0021,0.0030,0.3287
142437,1.0000,0.0007,0.0003,0.0000,0.0008,0.0017,0.3291
142770,1.0000,0.0007,0.0004,0.0000,0.0012,-0.0005,0.3293
143104,1.0000,0.0007,0.0003,0.0000,0.0022,-0.0004,0.3288
143437,1.0000,0.0007,0.0003,0.0000,0.0019,0.0024,0.3295
143770,1.0000,0.0007,0.0003,0.0000,0.0011,0.0025,0.3292
144104,1.0000,0.0007,0.0003,0.0000,0.0010,-0.0005,0.3292
144437,1.0000,0.0007,0.0004,0.0000,0.0024,0.0004,0.3292
144770,1.0000,0.0007,0.0003,0.0000,0.0016,0.0013,0.3289
145104,1.0000,0.0007,0.0004,0.0000,0.0012,0.0018,0.3293
145437,1.0000,0.0007,0.0004,0.0000,0.0017,0.0000,0.3293
145770,1.0000,0.0007,0.0004,0.0000,0.0024,0.0006,0.3293
146104,1.0000,0.0007,0.0004,0.0000,0.0012,0.0010,0.3295
146437,1.0000,0.0007,0.0003,0.0001,0.0006,0.0017,0.3294
146770,1.0000,0.0008,0.0004,0.0000,0.0023,0.0011,0.3298
147104,1.0000,0.0008,0.0004,0.0000,0.0021,0.0002,0.3292
147437,1.0000,0.0007,0.0003,0.0000,0.0013,0.0011,0.3288
147770,1.0000,0.0008,0.0004,0.0000,0.0010,0.0013,0.3291
148104,1.0000,0.0007,0.0003,0.0000,0.0018,0.0011,0.3294
148437,1.0000,0.0007,0.0003,0.0000,0.0023,-0.0000,0.3291
148770,1.0000,0.0007,0.0003,0.0000,0.0012,0.0005,0.3290
149104,1.0000,0.0007,0.0003,0.0000,0.0015,0.0018,0.3292
149437,1.0000,0.0007,0.0004,0.0000,0.0019,0.0014,0.3292
149770,1.0000,0.0007,0.0004,0.0000,0.0020,0.0002,0.3287
150104,1.0000,0.0007,0.0003,0.0000,0.0018,0.0002,0.3294
150437,1.0000,0.0007,0.0003,0.0000,0.0015,0.0015,0.3290
150770,1.0000,0.0008,0.0003,0.0000,0.0014,0.0018,0.3288
151104,1.0000,0.0007,0.0003,0.0000,0.0019,0.0003,0.3289
151437,1.0000,0.0007,0.0003,0.0000,0.0019,0.0002,0.3292
151770,1.0000,0.0007,0.0004,0.0000,0.0017,0.0012,0.3291
152104,1.0000,0.0008,0.0003,0.0000,0.0016,0.0017,0.3292
152437,1.0000,0.0007,0.0004,0.0000,0.0017,0.0010,0.3294
152770,1.0000,0.0007,0.0003,0.0000,0.0021,0.0003,0.3291
153104,1.0000,0.0007,0.0004,0.0000,0.0020,0.0007,0.3294
153437,1.0000,0.0007,0.0004,0.0000,0.0017,0.0010,0.3290
153770,1.0000,0.0007,0.0003,0.0000,0.0016,0.0013,0.3290
154104,1.0000,0.0007,0.0004,0.0000,0.0023,0.0007,0.3288
154437,1.0000,0.0007,0.0003,0.0000,0.0022,0.0010,0.3290
154770,1.0000,0.0007,0.0004,0.0000,0.0010,0.0011,0.3292
155104,1.0000,0.0007,0.0003,0.0000,0.0014,0.0008,0.3292
155437,1.0000,0.0007,0.0004,0.0000,0.0021,0.0010,0.3291
155770,1.0000,0.0007,0.0004,0.0000,0.0018,0.0006,0.3286
156104,1.0000,0.0007,0.0004,0.0000,0.0013,0.0011,0.3291
156437,1.0000,0.0007,0.0003,0.0000,0.0015,0.0009,0.3294
156770,1.0000,0.0007,0.0003,0.0000,0.0019,0.0008,0.3290
157104,1.0000,0.0007,0.0003,0.0000,0.0019,0.0011,0.3283
157437,1.0000,0.0007,0.0004,0.0000,0.0013,0.0006,0.3288
157770,1.0000,0.0007,0.0003,0.0000,0.0019,0.0009,0.3292
158104,1.0000,0.0007,0.0003,0.0000,0.0016,0.0006,0.3291
158437,1.0000,0.0007,0.0004,0.0000,0.0019,0.0009,0.3294
158770,1.0000,0.0007,0.0003,0.0000,0.0014,0.0016,0.3296
159104,1.0000,0.0007,0.0003,0.0000,0.0020,0.0014,0.3295
159437,1.0000,0.0007,0.0003,0.0001,0.0017,0.0004,0.3290
159771,1.0000,0.0007,0.0004,0.0000,0.0012,0.0002,0.3292
160104,1.0000,0.0007,0.0004,0.0000,0.0020,0.0011,0.3296
160437,1.0000,0.0007,0.0004,0.0001,0.0023,0.0018,0.3288
160771,1.0000,0.0007,0.0003,0.0000,0.0006,0.0011,0.3295
161104,1.0000,0.0007,0.0004,0.0000,0.0016,0.0004,0.3293
161437,1.0000,0.0007,0.0003,0.0000,0.0021,0.0009,0.3296
161771,1.0000,0.0007,0.0003,0.0000,0.0019,0.0014,0.3289
162104,1.0000,0.0007,0.0004,0.0000,0.0016,0.0011,0.3294
162437,1.0000,0.0007,0.0003,0.0000,0.0017,0.0011,0.3293
162771,1.0000,0.0007,0.0004,0.0000,0.0022,0.0006,0.3292
163104,1.0000,0.0007,0.0004,0.0000,0.0011,0.0002,0.3293
163437,1.0000,0.0007,0.0004,0.0000,0.0015,0.0010,0.3294
163771,1.0000,0.0007,0.0004,0.0000,0.0022,0.0013,0.3294
164104,1.0000,0.0007,0.0004,0.0000,0.0026,0.0012,0.3291
164437,1.0000,0.0007,0.0003,0.0000,0.0008,0.0004,0.3289
164771,1.0000,0.0007,0.0004,0.0000,0.0018,0.0009,0.3294
165104,1.0000,0.0007,0.0004,0.0000,0.0023,0.0014,0.3290
165437,1.0000,0.0007,0.0004,0.0000,0.0015,0.0004,0.3294
165771,1.0000,0.0007,0.0003,0.0000,0.0015,0.0007,0.3291
166104,1.0000,0.0007,0.0003,0.0000,0.0016,0.0006,0.3291
166437,1.0000,0.0007,0.0003,0.0000,0.0020,0.0010,0.3288
166771,1.0000,0.0007,0.0004,0.0000,0.0016,0.0004,0.3298
167104,1.0000,0.0007,0.0004,0.0000,0.0019,0.0013,0.3296
167437,1.0000,0.0007,0.0003,0.0000,0.0019,0.0014,0.3289
167771,1.0000,0.0007,0.0003,0.0000,0.0012,0.0007,0.3290
168104,1.0000,0.0007,0.0004,0.0000,0.0017,0.0006,0.3293
168437,1.0000,0.0007,0.0003,0.0000,0.0022,0.0001,0.3291
168771,1.0000,0.0007,0.0004,0.0000,0.0028,0.0018,0.3297
169104,1.0000,0.0007,0.0003,0.0000,0.0009,0.0011,0.3291
169437,1.0000,0.0007,0.0003,0.0000,0.0004,0.0005,0.3293
169771,1.0000,0.0007,0.0003,0.0000,0.0030,0.0006,0.3292
170104,1.0000,0.0007,0.0003,0.0000,0.0025,0.0008,0.3293
170437,1.0000,0.0007,0.0004,0.0000,0.0013,0.0014,0.3286
170771,1.0000,0.0007,0.0003,0.0000,0.0013,0.0009,0.3289
171104,1.0000,0.0007,0.0004,0.0000,0.0028,0.0007,0.3289
171437,1.0000,0.0007,0.0004,0.0000,0.0006,-0.0000,0.3290
171771,1.0000,0.0007,0.0004,0.0000,0.0009,0.0004,0.3288
172104,1.0000,0.0007,0.0003,0.0000,0.0032,0.0027,0.3290
172437,1.0000,0.0007,0.0004,0.0000,0.0019,0.0015,0.3292
172771,1.0000,0.0007,0.0003,0.0001,-0.0007,-0.0017,0.3291
173104,1.0000,0.0007,0.0004,0.0000,0.0033,0.0011,0.3295
173437,1.0000,0.0007,0.0004,0.0000,0.0045,0.0018,0.3289
173771,1.0000,0.0007,0.0003,0.0000,0.0003,0.0022,0.3292
174104,1.0000,0.0007,0.0003,0.0000,-0.0022,-0.0013,0.3290
174437,1.0000,0.0007,0.0003,0.0000,0.0054,0.0019,0.3295
174771,1.0000,0.0007,0.0003,0.0000,0.0029,0.0015,0.3293
175104,1.0000,0.0007,0.0003,0.0000,-0.0022,0.0004,0.3291
175437,1.0000,0.0007,0.0003,0.0000,0.0016,0.0013,0.3292
175771,1.0000,0.0007,0.0003,0.0000,0.0037,0.0002,0.3292
176104,1.0000,0.0007,0.0004,0.0000,0.0024,0.0016,0.3290
176438,1.0000,0.0007,0.0003,0.0000,-0.0022,-0.0002,0.3289
176771,1.0000,0.0007,0.0004,0.0000,0.0036,0.0021,0.3290
177104,1.0000,0.0007,0.0003,0.0000,0.0042,0.0011,0.3287
177438,1.0000,0.0007,0.0003,0.0001,-0.0013,-0.0008,0.3293
177771,1.0000,0.0007,0.0003,0.0000,0.0013,0.0016,0.3294
178104,1.0000,0.0007,0.0003,0.0000,0.0037,0.0016,0.3291
178438,1.0000,0.0007,0.0003,0.0001,0.0033,0.0013,0.3291
178771,1.0000,0.0007,0.0003,0.0000,-0.0014,-0.0013,0.3295
179104,1.0000,0.0008,0.0003,0.0000,0.0020,0.0016,0.3291
179438,1.0000,0.0008,0.0004,0.0001,0.0057,0.0012,0.3292
179771,1.0000,0.0007,0.0004,0.0000,0.0006,0.0026,0.3292
180104,1.0000,0.0007,0.0004,0.0000,-0.0032,-0.0004,0.3294
180438,1.0000,0.0007,0.0003,0.0001,0.0061,0.0021,0.3288
180771,1.0000,0.0007,0.0003,0.0000,0.0015,-0.0013,0.3291
181104,1.0000,0.0007,0.0004,0.0001,-0.0014,0.0012,0.3291
181438,1.0000,0.0008,0.0004,-0.0000,0.0055,0.0029,0.3287
181771,1.0000,0.0007,0.0003,0.0001,0.0002,-0.0034,0.3299
182104,1.0000,0.0007,0.0003,0.0001,0.0014,0.0027,0.3293
182438,1.0000,0.0007,0.0003,-0.0000,-0.0007,0.0027,0.3289
182771,1.0000,0.0007,0.0003,0.0001,0.0050,0.0032,0.3287
183104,1.0000,0.0007,0.0003,-0.0000,0.0020,-0.0029,0.3296
183438,1.0000,0.0007,0.0004,0.0001,-0.0012,-0.0026,0.3294
183771,1.0000,0.0007,0.0004,0.0000,0.0035,0.0053,0.3289
184104,1.0000,0.0007,0.0003,0.0000,0.0011,0.0024,0.3295
184438,1.0000,0.0007,0.0004,0.0001,0.0017,0.0003,0.3295
184771,1.0000,0.0007,0.0003,0.0000,0.0007,-0.0021,0.3295
185104,1.0000,0.0007,0.0004,0.0001,0.0026,0.0014,0.3291
185438,1.0000,0.0007,0.0003,0.0000,0.0030,0.0036,0.3291
185771,1.0000,0.0007,0.0004,0.0001,-0.0004,-0.0009,0.3293
186104,1.0000,0.0007,0.0003,0.0000,0.0026,0.0001,0.3296
186438,1.0000,0.0007,0.0003,0.0000,0.0016,0.0008,0.3295
186771,1.0000,0.0007,0.0003,0.0001,0.0013,0.0024,0.3292
187104,1.0000,0.0007,0.0004,0.0000,0.0010,0.0004,0.3289
187438,1.0000,0.0007,0.0004,0.0001,0.0020,-0.0001,0.3288
187771,1.0000,0.0007,0.0003,0.0000,0.0031,0.0014,0.3290
188104,1.0000,0.0007,0.0003,0.0001,0.0000,0.0008,0.3292
188438,1.0000,0.0007,0.0003,0.0000,0.0013,0.0016,0.3290
188771,1.0000,0.0007,0.0004,0.0000,0.0018,0.0000,0.3292
189104,1.0000,0.0008,0.0003,0.0001,0.0016,0.0007,0.3290
189438,1.0000,0.0007,0.0003,0.0000,0.0015,0.0011,0.3293
189771,1.0000,0.0008,0.0003,0.0000,0.0012,0.0017,0.3291
190104,1.0000,0.0007,0.0004,0.0000,0.0021,0.0008,0.3290
190438,1.0000,0.0007,0.0003,0.0000,0.0015,0.0003,0.3293
190771,1.0000,0.0007,0.0003,0.0000,0.0014,0.0017,0.3291
191104,1.0000,0.0007,0.0003,0.0000,0.0016,0.0015,0.3290
191438,1.0000,0.0007,0.0004,0.0000,0.0013,0.0000,0.3297
191771,1.0000,0.0007,0.0003,0.0001,0.0023,0.0002,0.3292
192104,1.0000,0.0007,0.0004,0.0000,0.0022,0.0016,0.3292
192438,1.0000,0.0007,0.0004,0.0001,0.0004,0.0014,0.3295
192771,1.0000,0.0007,0.0003,0.0000,0.0016,0.0009,0.3293
193105,1.0000,0.0007,0.0003,0.0000,0.0023,-0.0005,0.3289
193438,1.0000,0.0007,0.0003,0.0000,0.0014,0.0012,0.3294
193771,1.0000,0.0007,0.0003,0.0000,0.0007,0.0015,0.3283
194105,1.0000,0.0007,0.0003,0.0000,0.0018,0.0013,0.3293
194438,1.0000,0.0007,0.0004,0.0000,0.0026,-0.0005,0.3290
194771,1.0000,0.0007,0.0004,0.0000,0.0011,0.0005,0.3291
195105,1.0000,0.0007,0.0004,0.0000,0.0020,0.0024,0.3291
195438,1.0000,0.0007,0.0004,0.0000,0.0013,0.0017,0.3289
195771,1.0000,0.0007,0.0004,0.0000,0.0016,0.0003,0.3291
196105,1.0000,0.0007,0.0003,0.0000,0.0019,-0.0003,0.3292
196438,1.0000,0.0007,0.0004,0.0000,0.0013,0.0017,0.3296
196771,1.0000,0.0007,0.0004,0.0000,0.0013,0.0017,0.3296
197105,1.0000,0.0007,0.0003,0.0000,0.0013,0.0006,0.3295
197438,1.0000,0.0008,0.0003,0.0000,0.0018,0.0004,0.3295
197771,1.0000,0.0007,0.0003,0.0000,0.0018,0.0012,0.3291
198105,1.0000,0.0007,0.0003,0.0000,0.0017,0.0015,0.3294
198438,1.0000,0.0007,0.0003,0.0000,0.0010,0.0007,0.3292
198771,1.0000,0.0007,0.0004,0.0000,0.0015,-0.0000,0.3294
199105,1.0000,0.0007,0.0003,0.0000,0.0019,0.0012,0.3292
199438,1.0000,0.0007,0.0003,0.0000,0.0019,0.0012,0.3293
199771,1.0000,0.0007,0.0004,0.0000,0.0015,0.0008,0.3291
200105,1.0000,0.0007,0.0003,0.0000,0.0017,0.0005,0.3290
200438,1.0000,0.0007,0.0003,0.0000,0.0019,0.0007,0.3294
200771,1.0000,0.0007,0.0003,0.0000,0.0021,0.0012,0.3292
201105,1.0000,0.0007,0.0004,0.0000,0.0016,0.0008,0.3293
201438,1.0000,0.0007,0.0003,0.0000,0.0020,0.0007,0.3288
201771,1.0000,0.0007,0.0004,0.0000,0.0016,0.0013,0.3298
202105,1.0000,0.0007,0.0004,0.0000,0.0018,0.0011,0.3292
202438,1.0000,0.0007,0.0003,0.0000,0.0019,0.0010,0.3292
202771,1.0000,0.0007,0.0003,0.0000,0.0016,0.0008,0.3295
203105,1.0000,0.0007,0.0003,0.0000,0.0021,0.0011,0.3296
203438,1.0000,0.0007,0.0004,0.0000,0.0015,0.0010,0.3296
203771,1.0000,0.0007,0.0003,0.0000,0.0018,0.0011,0.3294
204105,1.0000,0.0007,0.0004,0.0000,0.0021,0.0007,0.3289
204438,1.0000,0.0007,0.0004,0.0000,0.0017,0.0008,0.3297
204771,1.0000,0.0007,0.0003,0.0000,0.0019,0.0012,0.3291
205105,1.0000,0.0007,0.0003,0.0000,0.0016,0.0009,0.3291
205438,1.0000,0.0007,0.0003,0.0000,0.0017,0.0008,0.3295
205771,1.0000,0.0007,0.0003,0.0000,0.0020,0.0007,0.3292
206105,1.0000,0.0007,0.0003,0.0000,0.0016,0.0004,0.3294
206438,1.0000,0.0007,0.0003,0.0000,0.0016,0.0015,0.3294
206771,1.0000,0.0007,0.0003,0.0000,0.0014,0.0011,0.3287
207105,1.0000,0.0007,0.0004,0.0000,0.0018,0.0004,0.3291
207438,1.0000,0.0007,0.0003,0.0000,0.0022,0.0003,0.3296
207771,1.0000,0.0007,0.0004,0.0000,0.0016,0.0009,0.3292
208105,1.0000,0.0007,0.0003,0.0000,0.0011,0.0018,0.3288
208438,1.0000,0.0007,0.0004,0.0000,0.0016,0.0013,0.3293
208771,1.0000,0.0007,0.0004,0.0000,0.0022,0.0006,0.3288
209105,1.0000,0.0007,0.0004,0.0000,0.0019,0.0007,0.3293
209438,1.0000,0.0007,0.0004,0.0000,0.0015,0.0013,0.3296
209772,1.0000,0.0007,0.0004,0.0000,0.0014,0.0012,0.3291
210105,1.0000,0.0007,0.0003,0.0000,0.0016,0.0008,0.3293
210438,1.0000,0.0007,0.0004,0.0000,0.0018,0.0011,0.3297
210772,1.0000,0.0007,0.0003,0.0000,0.0015,0.0011,0.3290
211105,1.0000,0.0007,0.0003,0.0000,0.0019,0.0012,0.3296
211438,1.0000,0.0007,0.0003,0.0000,0.0015,0.0008,0.3290
211772,1.0000,0.0007,0.0004,0.0000,0.0014,0.0011,0.3291
212105,1.0000,0.0007,0.0004,0.0000,0.0013,0.0013,0.3293
212438,1.0000,0.0007,0.0004,0.0000,0.0020,0.0013,0.3292
212772,1.0000,0.0008,0.0004,0.0000,0.0014,0.0006,0.3294
213105,1.0000,0.0007,0.0003,0.0000,0.0017,0.0011,0.3292
213438,1.0000,0.0008,0.0004,0.0000,0.0016,0.0014,0.3290
213772,1.0000,0.0007,0.0004,0.0000,0.0019,0.0015,0.3293
214105,1.0000,0.0008,0.0004,0.0000,0.0016,0.0004,0.3287
214438,1.0000,0.0007,0.0004,0.0000,0.0015,0.0007,0.3295
214772,1.0000,0.0008,0.0004,0.0000,0.0017,0.0011,0.3294
215105,1.0000,0.0007,0.0003,0.0000,0.0014,0.0008,0.3289
215438,1.0000,0.0007,0.0003,0.0000,0.0017,0.0010,0.3294
215772,1.0000,0.0007,0.0004,0.0000,0.0022,0.0009,0.3292
216105,1.0000,0.0007,0.0003,0.0000,0.0016,0.0008,0.3292
216438,1.0000,0.0007,0.0003,0.0000,0.0011,0.0012,0.3292
216772,1.0000,0.0007,0.0004,0.0000,0.0019,0.0007,0.3288
217105,1.0000,0.0007,0.0003,0.0000,0.0025,0.0006,0.3285
217438,1.0000,0.0007,0.0004,0.0000,0.0015,0.0010,0.3295
217772,1.0000,0.0007,0.0004,0.0000,0.0017,0.0010,0.3293
218105,1.0000,0.0007,0.0004,0.0000,0.0016,0.0012,0.3290
218438,1.0000,0.0007,0.0004,0.0000,0.0017,0.0009,0.3291
218772,1.0000,0.0007,0.0003,0.0000,0.0015,0.0008,0.3288
219105,1.0000,0.0007,0.0003,0.0000,0.0015,0.0009,0.3291
219438,1.0000,0.0007,0.0003,0.0000,0.0018,0.0011,0.3294
219772,1.0000,0.0007,0.0003,0.0000,0.0016,0.0009,0.3288
220105,1.0000,0.0008,0.0004,0.0000,0.0013,0.0008,0.3291
220438,1.0000,0.0007,0.0003,0.0000,0.0017,0.0011,0.3296
220772,1.0000,0.0008,0.0004,0.0000,0.0014,0.0006,0.3291
221105,1.0000,0.0008,0.0003,0.0000,0.0015,0.0007,0.3291
221438,1.0000,0.0007,0.0004,0.0000,0.0015,0.0009,0.3288
221772,1.0000,0.0007,0.0004,0.0000,0.0014,0.0010,0.3296
222105,1.0000,0.0007,0.0003,0.0001,0.0020,0.0012,0.3295
222438,1.0000,0.0007,0.0003,0.0000,0.0016,0.0007,0.3291
222772,1.0000,0.0007,0.0003,0.0000,0.0015,0.0005,0.3288
223105,1.0000,0.0008,0.0004,0.0000,0.0020,0.0015,0.3293
223438,1.0000,0.0007,0.0003,0.0000,0.0016,0.0015,0.3292
223772,1.0000,0.0007,0.0003,0.0000,0.0012,0.0007,0.3290
224105,1.0000,0.0007,0.0004,0.0000,0.0019,0.0006,0.3292
224438,1.0000,0.0008,0.0004,0.0000,0.0020,0.0006,0.3284
224772,1.0000,0.0007,0.0004,0.0000,0.0020,0.0012,0.3292
225105,1.0000,0.0007,0.0003,0.0000,0.0016,0.0009,0.3297
225438,1.0000,0.0007,0.0003,0.0000,0.0016,0.0010,0.3290
225772,1.0000,0.0007,0.0003,0.0000,0.0015,0.0008,0.3297
226105,1.0000,0.0007,0.0003,0.0000,0.0014,0.0006,0.3292
226439,1.0000,0.0007,0.0003,0.0000,0.0017,0.0007,0.3293
226772,1.0000,0.0007,0.0003,0.0000,0.0017,0.0004,0.3288
227105,1.0000,0.0007,0.0003,0.0000,0.0017,0.0009,0.3289
227439,1.0000,0.0007,0.0004,0.0000,0.0021,0.0009,0.3287
227772,1.0000,0.0007,0.0004,0.0000,0.0016,0.0009,0.3294
228105,1.0000,0.0007,0.0004,0.0000,0.0015,0.0010,0.3292
228439,1.0000,0.0007,0.0003,0.0000,0.0017,0.0009,0.3291
228772,1.0000,0.0007,0.0003,0.0000,0.0012,0.0010,0.3290
229105,1.0000,0.0007,0.0003,0.0000,0.0016,0.0008,0.3293
229439,1.0000,0.0007,0.0004,0.0000,0.0019,0.0011,0.3291
229772,1.0000,0.0007,0.0004,0.0000,0.0012,0.0009,0.3294
230105,1.0000,0.0007,0.0004,0.0000,0.0013,0.0009,0.3289
230439,1.0000,0.0007,0.0003,0.0000,0.0013,0.0009,0.3291
230772,1.0000,0.0007,0.0003,0.0000,0.0020,0.0011,0.3290
231105,1.0000,0.0007,0.0004,0.0000,0.0017,0.0008,0.3290
231439,1.0000,0.0007,0.0004,0.0000,0.0016,0.0008,0.3289
231772,1.0000,0.0007,0.0004,0.0000,0.0015,0.0015,0.3287
232105,1.0000,0.0008,0.0003,0.0000,0.0018,0.0010,0.3297
232439,1.0000,0.0008,0.0003,0.0000,0.0017,0.0008,0.3290
232772,1.0000,0.0007,0.0004,0.0000,0.0017,0.0008,0.3294
233105,1.0000,0.0007,0.0004,0.0000,0.0017,0.0011,0.3292
233439,1.0000,0.0007,0.0003,0.0000,0.0014,0.0015,0.3294
233772,1.0000,0.0007,0.0003,0.0000,0.0015,0.0009,0.3297
234105,1.0000,0.0007,0.0004,0.0000,0.0021,0.0010,0.3294
234439,1.0000,0.0007,0.0004,0.0000,0.0016,0.0009,0.3293
234772,1.0000,0.0007,0.0003,0.0000,0.0013,0.0013,0.3289
235105,1.0000,0.0007,0.0003,0.0000,0.0016,0.0009,0.3290
235439,1.0000,0.0007,0.0004,0.0000,0.0019,0.0005,0.3291
235772,1.0000,0.0007,0.0004,0.0000,0.0017,0.0009,0.3288
236105,1.0000,0.0007,0.0004,0.0000,0.0018,0.0013,0.3285
236439,1.0000,0.0007,0.0004,0.0000,0.0019,0.0013,0.3294
236772,1.0000,0.0007,0.0004,0.0000,0.0016,0.0009,0.3297
237105,1.0000,0.0008,0.0004,0.0000,0.0017,0.0006,0.3285
237439,1.0000,0.0007,0.0004,0.0000,0.0018,0.0005,0.3289
237772,1.0000,0.0007,0.0003,0.0000,0.0016,0.0011,0.3294
238105,1.0000,0.0007,0.0003,0.0000,0.0016,0.0010,0.3287
238439,1.0000,0.0007,0.0004,0.0000,0.0017,0.0010,0.3293
238772,1.0000,0.0007,0.0003,0.0000,0.0021,0.0009,0.3294
239105,1.0000,0.0007,0.0003,0.0000,0.0018,0.0007,0.3293
239439,1.0000,0.0007,0.0004,0.0000,0.0017,0.0009,0.3285
239772,1.0000,0.0007,0.0003,0.0000,0.0017,0.0015,0.3294
240105,1.0000,0.0007,0.0004,0.0000,0.0016,0.0006,0.3292
240439,1.0000,0.0007,0.0004,0.0000,0.0016,0.0010,0.3292
240772,1.0000,0.0007,0.0004,0.0000,0.0018,0.0009,0.3294
241105,1.0000,0.0007,0.0004,0.0000,0.0015,0.0011,0.3293
241439,1.0000,0.0007,0.0003,0.0000,0.0014,0.0009,0.3291
241772,1.0000,0.0007,0.0003,0.0000,0.0014,0.0009,0.3294
242105,1.0000,0.0008,0.0003,0.0000,0.0018,0.0010,0.3296
242439,1.0000,0.0007,0.0003,0.0000,0.0018,0.0010,0.3295
242772,1.0000,0.0007,0.0003,0.0000,0.0019,0.0009,0.3292
243106,1.0000,0.0007,0.0004,0.0000,0.0016,0.0008,0.3291
243439,1.0000,0.0007,0.0003,0.0000,0.0016,0.0012,0.3289
243772,1.0000,0.0007,0.0003,0.0000,0.0017,0.0008,0.3289
244106,1.0000,0.0007,0.0004,0.0000,0.0020,0.0009,0.3292
244439,1.0000,0.0007,0.0004,0.0000,0.0017,0.0012,0.3286
244772,1.0000,0.0007,0.0004,0.0000,0.0016,0.0011,0.3291
245106,1.0000,0.0007,0.0003,0.0000,0.0015,0.0011,0.3294
245439,1.0000,0.0007,0.0004,0.0000,0.0016,0.0009,0.3298
245772,1.0000,0.0007,0.0003,0.0000,0.0016,0.0009,0.3296
246106,1.0000,0.0008,0.0004,0.0000,0.0013,0.0010,0.3285
246439,1.0000,0.0007,0.0004,0.0000,0.0018,0.0009,0.3295
246772,1.0000,0.0007,0.0003,0.0000,0.0019,0.0011,0.3291
247106,1.0000,0.0007,0.0004,0.0000,0.0017,0.0008,0.3294
247439,1.0000,0.0007,0.0003,0.0000,0.0016,0.0011,0.3291
247772,1.0000,0.0007,0.0004,0.0000,0.0016,0.0013,0.3287
248106,1.0000,0.0007,0.0003,0.0000,0.0015,0.0009,0.3292
248439,1.0000,0.0007,0.0003,0.0000,0.0014,0.0009,0.3291
248772,1.0000,0.0007,0.0004,0.0000,0.0019,0.0009,0.3292
249106,1.0000,0.0007,0.0004,0.0000,0.0016,0.0009,0.3291
249439,1.0000,0.0007,0.0004,0.0000,0.0015,0.0010,0.3298
249772,1.0000,0.0007,0.0004,0.0000,0.0020,0.0008,0.3292
250106,1.0000,0.0008,0.0004,0.0000,0.0018,0.0008,0.3293
250439,1.0000,0.0007,0.0004,0.0000,0.0014,0.0005,0.3295
250772,1.0000,0.0008,0.0003,0.0000,0.0016,0.0011,0.3292
251106,1.0000,0.0007,0.0003,0.0000,0.0015,0.0010,0.3294
251439,1.0000,0.0008,0.0003,0.0000,0.0015,0.0005,0.3291
251772,1.0000,0.0007,0.0003,0.0000,0.0018,0.0011,0.3296
252106,1.0000,0.0007,0.0003,0.0000,0.0017,0.0008,0.3291
252439,1.0000,0.0007,0.0003,0.0000,0.0009,0.0010,0.3292
252772,1.0000,0.0007,0.0004,0.0000,0.0016,0.0013,0.3291
253106,1.0000,0.0007,0.0004,0.0000,0.0023,0.0008,0.3285
253439,1.0000,0.0007,0.0003,0.0000,0.0020,0.0006,0.3290
253772,1.0000,0.0007,0.0004,0.0000,0.0012,0.0013,0.3291
254106,1.0000,0.0007,0.0004,0.0000,0.0012,0.0006,0.3293
254439,1.0000,0.0007,0.0003,0.0000,0.0021,0.0007,0.3292
254772,1.0000,0.0007,0.0003,0.0000,0.0015,0.0006,0.3296
255106,1.0000,0.0007,0.0004,0.0000,0.0020,0.0024,0.3292
255439,1.0000,0.0007,0.0004,0.0000,0.0006,0.0008,0.3292
255772,1.0000,0.0007,0.0004,0.0000,0.0015,-0.0005,0.3290
256106,1.0000,0.0007,0.0004,0.0000,0.0019,0.0002,0.3291
256439,1.0000,0.0007,0.0004,0.0000,0.0015,0.0016,0.3286
256772,1.0000,0.0007,0.0004,0.0000,0.0016,0.0028,0.3294
257106,1.0000,0.0007,0.0003,0.0000,0.0011,-0.0001,0.3295
257439,1.0000,0.0007,0.0003,0.0000,0.0027,-0.0011,0.3291
257772,1.0000,0.0007,0.0003,0.0000,0.0018,0.0004,0.3291
258106,1.0000,0.0007,0.0004,0.0001,0.0011,0.0025,0.3294
258439,1.0000,0.0007,0.0003,0.0000,0.0021,0.0026,0.3293
258772,1.0000,0.0007,0.0003,0.0000,0.0013,-0.0009,0.3284
259106,1.0000,0.0007,0.0004,0.0000,0.0023,-0.0001,0.3285
259439,1.0000,0.0007,0.0003,0.0000,0.0013,0.0019,0.3293
259773,1.0000,0.0007,0.0004,0.0000,0.0018,0.0022,0.3294
260106,1.0000,0.0007,0.0003,0.0000,0.0015,0.0004,0.3289
260439,1.0000,0.0007,0.0003,0.0000,0.0013,-0.0002,0.3289
260773,1.0000,0.0007,0.0003,0.0000,0.0019,0.0013,0.3291
261106,1.0000,0.0007,0.0003,0.0000,0.0015,0.0017,0.3289
261439,1.0000,0.0007,0.0004,0.0000,0.0020,0.0011,0.3295
261773,1.0000,0.0007,0.0003,0.0000,0.0014,-0.0001,0.3292
262106,1.0000,0.0007,0.0003,0.0000,0.0016,0.0013,0.3294
262439,1.0000,0.0007,0.0003,0.0000,0.0019,0.0017,0.3292
262773,1.0000,0.0007,0.0004,0.0000,0.0013,0.0008,0.3291
263106,1.0000,0.0007,0.0003,0.0000,0.0015,0.0009,0.3290
263439,1.0000,0.0007,0.0004,0.0000,0.0013,0.0008,0.3294
263773,1.0000,0.0007,0.0004,0.0000,0.0019,0.0015,0.3291
264106,1.0000,0.0007,0.0004,0.0000,0.0017,0.0012,0.3289
264439,1.0000,0.0007,0.0004,0.0000,0.0018,0.0007,0.3294
264773,1.0000,0.0007,0.0003,0.0000,0.0015,0.0009,0.3297
265106,1.0000,0.0007,0.0003,0.0000,0.0009,0.0012,0.3292
265439,1.0000,0.0007,0.0003,0.0000,0.0018,0.0013,0.3294
265773,1.0000,0.0007,0.0004,0.0000,0.0022,0.0004,0.3290
266106,1.0000,0.0007,0.0003,0.0000,0.0017,0.0004,0.3290
266439,1.0000,0.0007,0.0004,0.0000,0.0012,0.0013,0.3292
266773,1.0000,0.0008,0.0004,0.0000,0.0016,0.0016,0.3289
267106,1.0000,0.0007,0.0004,0.0000,0.0019,0.0006,0.3291
267439,1.0000,0.0007,0.0003,0.0000,0.0022,0.0006,0.3292
267773,1.0000,0.0007,0.0004,0.0000,0.0016,0.0013,0.3292
268106,1.0000,0.0007,0.0004,0.0000,0.0012,0.0016,0.3292
268439,1.0000,0.0007,0.0003,0.0000,0.0016,0.0008,0.3296
268773,1.0000,0.0007,0.0003,0.0000,0.0024,0.0002,0.3291
269106,1.0000,0.0007,0.0003,0.0000,0.0016,0.0005,0.3289
269439,1.0000,0.0007,0.0003,0.0000,0.0011,0.0012,0.3294
269773,1.0000,0.0007,0.0003,0.0000,0.0010,0.0014,0.3294
270106,1.0000,0.0008,0.0004,0.0000,0.0020,0.0010,0.3291
270439,1.0000,0.0007,0.0004,0.0000,0.0023,0.0008,0.3292
270773,1.0000,0.0007,0.0004,0.0001,0.0023,0.0010,0.3290
271106,1.0000,0.0007,0.0004,0.0000,0.0013,0.0013,0.3294
271439,1.0000,0.0007,0.0004,0.0000,0.0016,0.0013,0.3295
271773,1.0000,0.0007,0.0003,0.0000,0.0019,0.0009,0.3293
272106,1.0000,0.0007,0.0003,0.0000,0.0017,0.0007,0.3296
272439,1.0000,0.0007,0.0003,0.0001,0.0017,0.0011,0.3289
272773,1.0000,0.0007,0.0003,0.0000,0.0013,0.0011,0.3290
273106,1.0000,0.0007,0.0004,0.0000,0.0017,0.0007,0.3289
273439,1.0000,0.0007,0.0004,0.0000,0.0018,0.0007,0.3289
273773,1.0000,0.0007,0.0003,0.0000,0.0020,0.0007,0.3288
274106,1.0000,0.0007,0.0003,0.0000,0.0014,0.0011,0.3290
274439,1.0000,0.0007,0.0004,0.0001,0.0017,0.0012,0.3296
274773,1.0000,0.0007,0.0004,0.0000,0.0014,0.0009,0.3293
275106,1.0000,0.0007,0.0004,0.0000,0.0015,0.0006,0.3293
275439,1.0000,0.0007,0.0003,0.0000,0.0019,0.0010,0.3291
275773,1.0000,0.0007,0.0004,0.0000,0.0013,0.0008,0.3288
276106,1.0000,0.0007,0.0004,0.0000,0.0015,0.0009,0.3288
276440,1.0000,0.0007,0.0003,0.0000,0.0016,0.0014,0.3292
276773,1.0000,0.0007,0.0004,0.0000,0.0018,0.0008,0.3297
277106,1.0000,0.0007,0.0004,0.0000,0.0017,0.0008,0.3295
277440,1.0000,0.0007,0.0004,0.0000,0.0016,0.0010,0.3288
277773,1.0000,0.0007,0.0003,0.0000,0.0016,0.0014,0.3296
278106,1.0000,0.0007,0.0003,0.0000,0.0020,0.0011,0.3294
278440,1.0000,0.0007,0.0004,0.0000,0.0029,0.0010,0.3288
278773,1.0000,0.0007,0.0003,0.0000,0.0057,0.0023,0.3292
279106,1.0000,0.0007,0.0004,0.0001,-0.0057,-0.0025,0.3290
279440,1.0000,0.0007,0.0004,0.0000,0.0019,0.0026,0.3291
279773,1.0000,0.0007,0.0003,0.0000,0.0043,0.0016,0.3289
280106,1.0000,0.0007,0.0004,0.0001,0.0027,0.0011,0.3293
280440,1.0000,0.0008,0.0004,0.0000,-0.0009,-0.0010,0.3289
280773,1.0000,0.0007,0.0003,0.0001,0.0009,0.0008,0.3292
281106,1.0000,0.0007,0.0003,0.0000,0.0038,0.0035,0.3293
281440,1.0000,0.0007,0.0003,0.0000,-0.0003,-0.0004,0.3289
281773,1.0000,0.0007,0.0004,0.0000,0.0018,0.0002,0.3287
282106,1.0000,0.0007,0.0003,0.0000,0.0028,0.0005,0.3296
282440,1.0000,0.0007,0.0004,0.0001,0.0018,0.0021,0.3292
282773,1.0000,0.0007,0.0003,0.0000,0.0001,0.0010,0.3294
283106,1.0000,0.0007,0.0004,0.0000,0.0022,0.0004,0.3292
283440,1.0000,0.0007,0.0003,0.0000,0.0036,0.0012,0.3291
283773,1.0000,0.0007,0.0004,0.0000,0.0007,0.0005,0.3292
284106,1.0000,0.0007,0.0003,0.0000,0.0004,0.0015,0.3292
284440,1.0000,0.0007,0.0004,0.0000,0.0019,0.0011,0.3290
284773,1.0000,0.0007,0.0004,0.0000,0.0031,0.0009,0.3290
285106,1.0000,0.0007,0.0004,0.0000,0.0015,0.0005,0.3288
285440,1.0000,0.0007,0.0004,0.0000,0.0007,0.0006,0.3295
285773,1.0000,0.0008,0.0003,0.0000,0.0018,0.0015,0.3291
286106,1.0000,0.0007,0.0004,0.0001,0.0017,0.0010,0.3293
286440,1.0000,0.0007,0.0003,0.0001,0.0015,0.0010,0.3291
286773,1.0000,0.0007,0.0003,0.0000,0.0017,0.0006,0.3293
287106,1.0000,0.0007,0.0004,0.0000,0.0024,0.0009,0.3288
287440,1.0000,0.0007,0.0004,0.0001,0.0012,0.0011,0.3292
287773,1.0000,0.0007,0.0004,0.0000,0.0014,0.0011,0.3291
288106,1.0000,0.0007,0.0003,0.0000,0.0024,0.0011,0.3292
288440,1.0000,0.0007,0.0003,0.0000,0.0015,0.0002,0.3288
288773,1.0000,0.0007,0.0004,0.0000,0.0012,0.0008,0.3295
289106,1.0000,0.0007,0.0004,0.0000,0.0014,0.0016,0.3296
289440,1.0000,0.0007,0.0004,0.0000,0.0022,0.0013,0.3293
289773,1.0000,0.0007,0.0004,0.0000,0.0018,0.0007,0.3292
290106,1.0000,0.0007,0.0004,0.0000,0.0014,-0.0000,0.3295
290440,1.0000,0.0007,0.0003,0.0000,0.0019,0.0015,0.3291
290773,1.0000,0.0007,0.0004,0.0000,0.0018,0.0016,0.3290
291106,1.0000,0.0007,0.0003,0.0000,0.0016,0.0011,0.3289
291440,1.0000,0.0007,0.0003,0.0000,0.0018,0.0000,0.3296
291773,1.0000,0.0008,0.0003,0.0000,0.0020,0.0008,0.3291
292106,1.0000,0.0007,0.0003,0.0000,0.0015,0.0013,0.3295
292440,1.0000,0.0007,0.0003,0.0000,0.0012,0.0013,0.3291
292773,1.0000,0.0007,0.0003,0.0000,0.0018,0.0007,0.3291
293107,1.0000,0.0007,0.0003,0.0000,0.0022,0.0002,0.3287
293440,1.0000,0.0007,0.0003,0.0000,0.0015,0.0009,0.3295
293773,1.0000,0.0007,0.0004,0.0000,0.0014,0.0019,0.3290
294107,1.0000,0.0007,0.0003,0.0000,0.0017,0.0011,0.3293
294440,1.0000,0.0007,0.0004,0.0000,0.0016,0.0004,0.3295
294773,1.0000,0.0007,0.0004,0.0000,0.0018,0.0002,0.3293
295107,1.0000,0.0007,0.0004,0.0000,0.0019,0.0015,0.3292
295440,1.0000,0.0007,0.0004,0.0000,0.0017,0.0016,0.3286
295773,1.0000,0.0007,0.0003,0.0000,0.0013,0.0006,0.3295
296107,1.0000,0.0007,0.0004,0.0000,0.0016,0.0000,0.3292
296440,1.0000,0.0007,0.0004,0.0000,0.0020,0.0008,0.3290
296773,1.0000,0.0007,0.0004,0.0000,0.0021,0.0017,0.3290
297107,1.0000,0.0007,0.0003,0.0000,0.0012,0.0011,0.3292
297440,1.0000,0.0007,0.0004,0.0000,0.0018,0.0002,0.3294
297773,1.0000,0.0007,0.0003,0.0000,0.0021,0.0006,0.3298
298107,1.0000,0.0007,0.0003,0.0000,0.0012,0.0012,0.3294
298440,1.0000,0.0007,0.0004,0.0000,0.0010,0.0013,0.3291
298773,1.0000,0.0007,0.0003,0.0000,0.0017,0.0010,0.3297
299107,1.0000,0.0007,0.0003,0.0000,0.0020,0.0004,0.3291
299440,1.0000,0.0007,0.0004,0.0000,0.0014,0.0008,0.3295
299773,1.0000,0.0007,0.0003,0.0000,0.0017,0.0014,0.3293
300107,1.0000,0.0007,0.0004,0.0000,0.0017,0.0013,0.3297
300440,1.0000,0.0007,0.0004,0.0000,0.0013,0.0006,0.3296
300773,1.0000,0.0007,0.0003,0.0000,0.0015,0.0008,0.3294
301107,1.0000,0.0007,0.0004,0.0000,0.0017,0.0011,0.3291
301440,1.0000,0.0007,0.0004,0.0000,0.0017,0.0012,0.3289
301773,1.0000,0.0007,0.0004,0.0000,0.0012,0.0011,0.3292
302107,1.0000,0.0007,0.0004,0.0000,0.0016,0.0009,0.3290
302440,1.0000,0.0007,0.0003,0.0001,0.0020,0.0008,0.3296
302773,1.0000,0.0007,0.0004,0.0000,0.0021,0.0010,0.3293
303107,1.0000,0.0007,0.0004,0.0000,0.0017,0.0011,0.3292
303440,1.0000,0.0007,0.0004,0.0000,0.0013,0.0008,0.3290
303773,1.0000,0.0007,0.0003,0.0000,0.0014,0.0009,0.3289
304107,1.0000,0.0007,0.0004,0.0000,0.0019,0.0010,0.3295
304440,1.0000,0.0007,0.0003,0.0000,0.0017,0.0010,0.3297
304773,1.0000,0.0007,0.0003,0.0000,0.0013,0.0009,0.3289
305107,1.0000,0.0007,0.0004,0.0000,0.0014,0.0009,0.3292
305440,1.0000,0.0007,0.0003,0.0000,0.0017,0.0008,0.3291
305773,1.0000,0.0007,0.0004,0.0000,0.0017,0.0011,0.3294
306107,1.0000,0.0007,0.0004,0.0000,0.0017,0.0012,0.3291
306440,1.0000,0.0007,0.0004,0.0000,0.0014,0.0009,0.3294
306773,1.0000,0.0007,0.0004,0.0000,0.0016,0.0013,0.3291
307107,1.0000,0.0008,0.0004,0.0000,0.0021,0.0010,0.3294
307440,1.0000,0.0007,0.0004,0.0000,0.0015,0.0005,0.3288
307773,1.0000,0.0007,0.0004,0.0000,0.0018,0.0010,0.3294
308107,1.0000,0.0007,0.0003,0.0000,0.0017,0.0011,0.3291
308440,1.0000,0.0007,0.0004,0.0000,0.0018,0.0011,0.3293
308773,1.0000,0.0007,0.0004,0.0000,0.0018,0.0007,0.3290
309107,1.0000,0.0007,0.0004,0.0000,0.0015,0.0008,0.3291
309440,1.0000,0.0007,0.0004,0.0000,0.0015,0.0011,0.3293
309774,1.0000,0.0007,0.0003,0.0000,0.0014,0.0013,0.3289
310107,1.0000,0.0007,0.0003,0.0001,0.0018,0.0009,0.3290
310440,1.0000,0.0007,0.0004,0.0000,0.0019,0.0008,0.3291
310774,1.0000,0.0007,0.0004,0.0000,0.0014,0.0005,0.3290
311107,1.0000,0.0007,0.0003,0.0001,0.0015,0.0009,0.3292
311440,1.0000,0.0007,0.0004,0.0000,0.0015,0.0007,0.3296
311774,1.0000,0.0007,0.0003,0.0000,0.0022,0.0012,0.3289
312107,1.0000,0.0007,0.0003,0.0000,0.0019,0.0008,0.3294
312440,1.0000,0.0007,0.0004,0.0000,0.0010,0.0004,0.3289
312774,1.0000,0.0007,0.0004,0.0000,0.0016,0.0010,0.3292
313107,1.0000,0.0007,0.0004,0.0000,0.0017,0.0010,0.3291
313440,1.0000,0.0007,0.0004,0.0000,0.0015,0.0011,0.3291
313774,1.0000,0.0007,0.0003,0.0000,0.0014,0.0007,0.3294
314107,1.0000,0.0007,0.0004,0.0000,0.0018,0.0005,0.3293
314440,1.0000,0.0007,0.0003,0.0000,0.0019,0.0011,0.3294
314774,1.0000,0.0008,0.0003,0.0000,0.0016,0.0013,0.3294
315107,1.0000,0.0007,0.0003,0.0000,0.0018,0.0005,0.3287
315440,1.0000,0.0007,0.0003,0.0000,0.0020,0.0005,0.3293
315774,1.0000,0.0007,0.0003,0.0000,0.0014,0.0010,0.3288
316107,1.0000,0.0007,0.0004,0.0000,0.0017,0.0011,0.3290
316440,1.0000,0.0007,0.0004,0.0000,0.0017,0.0013,0.3292
316774,1.0000,0.0007,0.0004,0.0000,0.0018,0.0010,0.3289
317107,1.0000,0.0007,0.0004,0.0000,0.0015,0.0011,0.3287
317440,1.0000,0.0007,0.0003,0.0000,0.0015,0.0011,0.3294
317774,1.0000,0.0007,0.0003,0.0000,0.0018,0.0009,0.3288
318107,1.0000,0.0007,0.0004,0.0000,0.0016,0.0010,0.3290
318440,1.0000,0.0007,0.0003,0.0000,0.0015,0.0009,0.3289
318774,1.0000,0.0007,0.0004,0.0000,0.0017,0.0008,0.3294
319107,1.0000,0.0008,0.0004,0.0000,0.0020,0.0010,0.3288
319440,1.0000,0.0007,0.0004,0.0000,0.0016,0.0009,0.3300
319774,1.0000,0.0007,0.0004,0.0000,0.0014,0.0010,0.3295
320107,1.0000,0.0007,0.0004,0.0000,0.0018,0.0010,0.3297
320440,1.0000,0.0007,0.0004,0.0000,0.0013,0.0009,0.3294
320774,1.0000,0.0007,0.0003,0.0000,0.0015,0.0011,0.3289
321107,1.0000,0.0007,0.0004,0.0000,0.0014,0.0009,0.3294
321440,1.0000,0.0007,0.0004,0.0000,0.0016,0.0008,0.3289
321774,1.0000,0.0007,0.0003,0.0000,0.0014,0.0007,0.3291
322107,1.0000,0.0007,0.0004,0.0000,0.0016,0.0012,0.3293
322440,1.0000,0.0007,0.0004,0.0000,0.0018,0.0009,0.3289
322774,1.0000,0.0007,0.0003,0.0000,0.0013,0.0005,0.3290
323107,1.0000,0.0007,0.0004,0.0000,0.0018,0.0011,0.3292
323440,1.0000,0.0007,0.0004,0.0000,0.0018,0.0010,0.3296
323774,1.0000,0.0007,0.0004,0.0000,0.0017,0.0013,0.3288
324107,1.0000,0.0007,0.0004,0.0000,0.0015,0.0008,0.3292
324440,1.0000,0.0007,0.0003,0.0000,0.0014,0.0007,0.3290
324774,1.0000,0.0007,0.0004,0.0000,0.0017,0.0011,0.3291
325107,1.0000,0.0007,0.0003,0.0000,0.0019,0.0010,0.3292
325440,1.0000,0.0007,0.0003,0.0000,0.0017,0.0014,0.3290
325774,1.0000,0.0008,0.0003,0.0000,0.0019,0.0008,0.3286
326107,1.0000,0.0008,0.0004,0.0000,0.0017,0.0006,0.3295
326441,1.0000,0.0007,0.0004,0.0000,0.0020,0.0011,0.3287
326774,1.0000,0.0007,0.0003,0.0000,0.0017,0.0009,0.3291
327107,1.0000,0.0007,0.0004,0.0000,0.0015,0.0007,0.3292
327441,1.0000,0.0007,0.0003,0.0000,0.0013,0.0005,0.3294
327774,1.0000,0.0008,0.0003,0.0000,0.0016,0.0014,0.3289
328107,1.0000,0.0007,0.0003,0.0000,0.0016,0.0014,0.3290
328441,1.0000,0.0007,0.0003,0.0000,0.0016,0.0009,0.3290
328774,1.0000,0.0007,0.0003,0.0000,0.0018,0.0011,0.3300
329107,1.0000,0.0007,0.0003,0.0000,0.0020,0.0006,0.3292
329441,1.0000,0.0008,0.0004,0.0000,0.0022,0.0014,0.3293
329774,1.0000,0.0007,0.0004,0.0000,0.0011,0.0003,0.3293
330107,1.0000,0.0007,0.0004,0.0000,0.0018,0.0008,0.3292
330441,1.0000,0.0007,0.0003,0.0000,0.0021,0.0015,0.3291
330774,1.0000,0.0007,0.0004,0.0001,0.0007,0.0009,0.3289
331107,1.0000,0.0007,0.0003,0.0000,0.0015,0.0009,0.3293
331441,1.0000,0.0007,0.0004,0.0000,0.0016,0.0005,0.3293
331774,1.0000,0.0007,0.0004,0.0000,0.0023,0.0012,0.3289
332107,1.0000,0.0007,0.0004,0.0000,0.0012,0.0016,0.3291
332441,1.0000,0.0007,0.0004,0.0000,0.0008,0.0012,0.3290
332774,1.0000,0.0007,0.0003,0.0000,0.0021,0.0011,0.3289
333107,1.0000,0.0007,0.0004,0.0000,0.0028,-0.0000,0.3286
333441,1.0000,0.0007,0.0004,0.0000,0.0017,0.0009,0.3291
333774,1.0000,0.0007,0.0003,0.0000,0.0009,0.0021,0.3287
334107,1.0000,0.0007,0.0004,0.0001,0.0009,0.0009,0.3289
334441,1.0000,0.0007,0.0003,0.0000,0.0020,0.0009,0.3289
334774,1.0000,0.0007,0.0004,0.0000,0.0020,0.0011,0.3290
335107,1.0000,0.0007,0.0003,0.0000,0.0023,0.0023,0.3287
335441,1.0000,0.0007,0.0003,0.0000,0.0016,0.0002,0.3289
335774,1.0000,0.0007,0.0004,0.0000,0.0013,0.0003,0.3292
336107,1.0000,0.0007,0.0004,0.0000,0.0016,0.0020,0.3292
336441,1.0000,0.0007,0.0003,0.0000,0.0017,0.0021,0.3293
336774,1.0000,0.0007,0.0004,0.0001,0.0024,0.0007,0.3299
337107,1.0000,0.0007,0.0003,0.0000,0.0013,0.0001,0.3294
337441,1.0000,0.0007,0.0004,0.0000,0.0017,0.0015,0.3294
337774,1.0000,0.0007,0.0003,0.0000,0.0009,0.0018,0.3288
338107,1.0000,0.0007,0.0004,0.0001,0.0027,0.0008,0.3293
338441,1.0000,0.0007,0.0003,0.0000,0.0023,0.0005,0.3296
338774,1.0000,0.0007,0.0004,0.0000,0.0003,0.0001,0.3288
339107,1.0000,0.0007,0.0004,0.0001,0.0030,0.0020,0.3293
339441,1.0000,0.0007,0.0004,0.0000,0.0017,0.0012,0.3292
339774,1.0000,0.0007,0.0004,0.0000,0.0009,0.0006,0.3292
340107,1.0000,0.0007,0.0004,0.0000,0.0019,0.0011,0.3293
340441,1.0000,0.0008,0.0003,0.0000,0.0025,0.0007,0.3295
340774,1.0000,0.0007,0.0004,0.0000,0.0016,0.0014,0.3288
341107,1.0000,0.0007,0.0003,0.0000,0.0005,0.0009,0.3294
341441,1.0000,0.0007,0.0004,0.0000,0.0023,0.0008,0.3295
341774,1.0000,0.0007,0.0004,0.0000,0.0018,0.0006,0.3289
342107,1.0000,0.0007,0.0003,0.0000,0.0012,0.0009,0.3291
342441,1.0000,0.0007,0.0004,0.0000,0.0016,0.0014,0.3290
342774,1.0000,0.0007,0.0004,0.0000,0.0020,0.0010,0.3297
343108,1.0000,0.0007,0.0003,0.0000,0.0016,0.0005,0.3288
343441,1.0000,0.0007,0.0004,0.0000,0.0014,0.0005,0.3291
343774,1.0000,0.0007,0.0004,0.0000,0.0023,0.0014,0.3290
344108,1.0000,0.0007,0.0004,0.0000,0.0017,0.0012,0.3294
344441,1.0000,0.0007,0.0004,0.0001,0.0011,0.0010,0.3292
344774,1.0000,0.0007,0.0004,0.0000,0.0017,0.0013,0.3295
345108,1.0000,0.0007,0.0003,0.0000,0.0020,0.0006,0.3294
345441,1.0000,0.0007,0.0003,0.0000,0.0022,0.0010,0.3286
345774,1.0000,0.0007,0.0004,0.0000,0.0010,0.0007,0.3287
346108,1.0000,0.0007,0.0003,0.0000,0.0016,0.0012,0.3292
346441,1.0000,0.0007,0.0003,0.0000,0.0022,0.0010,0.3294
346774,1.0000,0.0007,0.0003,0.0000,0.0018,0.0007,0.3292
347108,1.0000,0.0008,0.0003,0.0000,0.0014,0.0010,0.3291
347441,1.0000,0.0007,0.0003,0.0000,0.0011,0.0013,0.3292
347774,1.0000,0.0007,0.0004,0.0000,0.0020,0.0010,0.3290
348108,1.0000,0.0007,0.0004,0.0001,0.0011,-0.0001,0.3289
348441,1.0000,0.0007,0.0003,0.0000,0.0020,0.0010,0.3292
348774,1.0000,0.0007,0.0004,0.0000,0.0017,0.0021,0.3289
349108,1.0000,0.0007,0.0003,0.0001,0.0014,0.0015,0.3289
349441,1.0000,0.0007,0.0004,0.0000,0.0007,-0.0004,0.3291
349774,1.0000,0.0007,0.0004,0.0000,0.0019,0.0004,0.3290
350108,1.0000,0.0007,0.0004,0.0000,0.0034,0.0026,0.3291
350441,1.0000,0.0007,0.0004,0.0000,-0.0003,0.0011,0.3290
350774,1.0000,0.0007,0.0004,0.0000,0.0006,-0.0002,0.3300
351108,1.0000,0.0007,0.0003,0.0000,0.0039,0.0012,0.3286
351441,1.0000,0.0007,0.0003,0.0000,0.0012,0.0009,0.3292
351774,1.0000,0.0007,0.0004,0.0000,0.0008,0.0016,0.3289
352108,1.0000,0.0008,0.0003,0.0000,0.0013,0.0006,0.3294
352441,1.0000,0.0007,0.0003,0.0000,0.0030,0.0007,0.3291
352774,1.0000,0.0007,0.0003,0.0000,0.0014,0.0008,0.3289
353108,1.0000,0.0007,0.0004,0.0000,0.0011,0.0010,0.3293
353441,1.0000,0.0007,0.0004,0.0000,0.0023,0.0014,0.3291
353774,1.0000,0.0007,0.0004,0.0000,0.0016,0.0004,0.3291
354108,1.0000,0.0007,0.0003,0.0000,0.0010,0.0005,0.3286
354441,1.0000,0.0007,0.0003,0.0000,0.0014,0.0007,0.3291
354774,1.0000,0.0007,0.0003,0.0000,0.0027,0.0012,0.3288
355108,1.0000,0.0007,0.0003,0.0000,0.0019,0.0009,0.3293
355441,1.0000,0.0007,0.0004,0.0000,0.0005,0.0010,0.3288
355774,1.0000,0.0007,0.0003,0.0000,0.0020,0.0016,0.3295
356108,1.0000,0.0007,0.0004,0.0000,0.0022,0.0012,0.3297
356441,1.0000,0.0007,0.0004,0.0000,0.0017,0.0009,0.3289
356774,1.0000,0.0008,0.0004,0.0000,0.0009,0.0006,0.3295
357108,1.0000,0.0007,0.0003,0.0000,0.0016,0.0015,0.3296
357441,1.0000,0.0007,0.0004,0.0000,0.0024,0.0015,0.3293
357774,1.0000,0.0007,0.0004,0.0000,0.0013,0.0002,0.3291
358108,1.0000,0.0007,0.0004,0.0000,0.0019,0.0009,0.3295
358441,1.0000,0.0007,0.0003,0.0000,0.0012,0.0008,0.3290
358774,1.0000,0.0007,0.0004,0.0000,0.0019,0.0012,0.3295
359108,1.0000,0.0007,0.0003,0.0000,0.0015,0.0006,0.3291
359441,1.0000,0.0007,0.0004,0.0000,0.0018,0.0005,0.3296
359775,1.0000,0.0007,0.0004,0.0000,0.0019,0.0012,0.3291
360108,1.0000,0.0008,0.0003,0.0000,0.0009,0.0011,0.3294
360441,1.0000,0.0007,0.0003,0.0000,0.0019,0.0010,0.3295
360775,1.0000,0.0007,0.0003,0.0000,0.0022,0.0004,0.3294
361108,1.0000,0.0007,0.0004,0.0000,0.0015,0.0008,0.3288
361441,1.0000,0.0008,0.0004,0.0000,0.0011,0.0010,0.3291
361775,1.0000,0.0008,0.0004,0.0000,0.0016,0.0012,0.3295
362108,1.0000,0.0007,0.0004,0.0000,0.0023,0.0011,0.3293
362441,1.0000,0.0007,0.0004,0.0000,0.0015,0.0006,0.3290
362775,1.0000,0.0007,0.0004,0.0000,0.0017,0.0008,0.3290
363108,1.0000,0.0007,0.0004,0.0000,0.0020,0.0015,0.3298
363441,1.0000,0.0007,0.0004,0.0000,0.0020,0.0009,0.3294
363775,1.0000,0.0007,0.0003,0.0000,0.0013,0.0006,0.3286
364108,1.0000,0.0007,0.0004,0.0000,0.0011,0.0010,0.3288
364441,1.0000,0.0007,0.0003,0.0000,0.0014,0.0012,0.3297
364775,1.0000,0.0007,0.0004,0.0000,0.0018,0.0006,0.3290
365108,1.0000,0.0008,0.0003,0.0000,0.0029,0.0003,0.3286
365441,1.0000,0.0007,0.0004,0.0000,0.0016,0.0010,0.3293
365775,1.0000,0.0007,0.0004,0.0000,0.0005,0.0015,0.3291
366108,1.0000,0.0008,0.0003,0.0000,0.0011,0.0012,0.3290
366441,1.0000,0.0007,0.0003,0.0000,0.0023,0.0006,0.3289
366775,1.0000,0.0007,0.0003,0.0000,0.0023,0.0004,0.3291
367108,1.0000,0.0007,0.0004,0.0000,0.0014,0.0010,0.3290
367441,1.0000,0.0007,0.0003,0.0000,0.0013,0.0016,0.3289
367775,1.0000,0.0007,0.0004,0.0000,0.0014,0.0008,0.3293
368108,1.0000,0.0007,0.0003,0.0000,0.0018,0.0006,0.3291
368441,1.0000,0.0007,0.0004,0.0000,0.0025,0.0012,0.3292
368775,1.0000,0.0007,0.0003,0.0000,0.0020,0.0010,0.3292
369108,1.0000,0.0007,0.0004,0.0000,0.0015,0.0008,0.3295
369441,1.0000,0.0007,0.0004,0.0000,0.0014,0.0006,0.3293
369775,1.0000,0.0007,0.0004,0.0000,0.0022,0.0009,0.3293
370108,1.0000,0.0007,0.0003,0.0000,0.0016,0.0013,0.3289
370441,1.0000,0.0007,0.0004,0.0000,0.0014,0.0005,0.3298
370775,1.0000,0.0007,0.0003,0.0000,0.0018,0.0011,0.3292
371108,1.0000,0.0007,0.0004,0.0000,0.0018,0.0011,0.3294
371441,1.0000,0.0007,0.0003,0.0000,0.0017,0.0010,0.3290
371775,1.0000,0.0007,0.0004,0.0000,0.0014,0.0006,0.3293
372108,1.0000,0.0007,0.0003,0.0000,0.0020,0.0006,0.3291
372441,1.0000,0.0007,0.0003,0.0000,0.0016,0.0012,0.3291
372775,1.0000,0.0007,0.0003,0.0000,0.0012,0.0012,0.3293
373108,1.0000,0.0007,0.0004,0.0000,0.0020,0.0011,0.3296
373441,1.0000,0.0007,0.0003,0.0000,0.0023,0.0004,0.3293
373775,1.0000,0.0007,0.0003,0.0000,0.0018,0.0009,0.3293
374108,1.0000,0.0007,0.0004,0.0000,0.0015,0.0015,0.3293
374441,1.0000,0.0007,0.0004,0.0000,0.0017,0.0016,0.3295
374775,1.0000,0.0007,0.0004,0.0000,0.0020,0.0006,0.3298
375108,1.0000,0.0007,0.0003,0.0001,0.0014,-0.0002,0.3296
375441,1.0000,0.0007,0.0004,0.0000,0.0014,0.0017,0.3291
375775,1.0000,0.0007,0.0004,0.0000,0.0021,0.0015,0.3291
376108,1.0000,0.0007,0.0004,0.0000,0.0014,0.0003,0.3297
376442,1.0000,0.0007,0.0004,0.0000,0.0010,-0.0005,0.3293
376775,1.0000,0.0007,0.0003,0.0000,0.0025,0.0019,0.3289
377108,1.0000,0.0008,0.0004,0.0000,0.0024,0.0027,0.3285
377442,1.0000,0.0007,0.0004,0.0001,0.0006,0.0005,0.3291
377775,1.0000,0.0007,0.0003,0.0001,0.0017,-0.0006,0.3292
378108,1.0000,0.0007,0.0004,0.0000,0.0027,0.0010,0.3287
378442,1.0000,0.0008,0.0004,0.0000,0.0018,0.0019,0.3291
378775,1.0000,0.0008,0.0004,0.0000,0.0008,0.0014,0.3290
379108,1.0000,0.0007,0.0003,0.0000,0.0019,0.0001,0.3293
379442,1.0000,0.0007,0.0003,0.0000,0.0022,0.0005,0.3291
379775,1.0000,0.0007,0.0003,0.0000,0.0011,0.0013,0.3298
380108,1.0000,0.0007,0.0004,0.0000,0.0014,0.0014,0.3288
380442,1.0000,0.0007,0.0003,0.0001,0.0017,0.0009,0.3290
380775,1.0000,0.0007,0.0003,0.0000,0.0014,-0.0004,0.3290
381108,1.0000,0.0007,0.0004,0.0000,0.0019,0.0009,0.3291
381442,1.0000,0.0008,0.0003,0.0000,0.0020,0.0016,0.3292
381775,1.0000,0.0007,0.0004,0.0000,0.0010,0.0015,0.3287
382108,1.0000,0.0007,0.0003,0.0000,0.0015,0.0007,0.3292
382442,1.0000,0.0007,0.0003,0.0000,0.0014,0.0004,0.3295
382775,1.0000,0.0007,0.0003,0.0000,0.0022,0.0015,0.3292
383108,1.0000,0.0007,0.0004,0.0000,0.0018,0.0011,0.3292
383442,1.0000,0.0007,0.0003,0.0000,0.0016,0.0007,0.3294
383775,1.0000,0.0007,0.0003,0.0000,0.0017,0.0010,0.3295
384108,1.0000,0.0007,0.0004,0.0000,0.0013,0.0012,0.3297
384442,1.0000,0.0008,0.0004,0.0000,0.0019,0.0011,0.3289
384775,1.0000,0.0007,0.0003,0.0000,0.0024,0.0007,0.3292
385108,1.0000,0.0007,0.0003,0.0000,0.0014,0.0009,0.3296
385442,1.0000,0.0007,0.0003,0.0000,0.0011,0.0013,0.3287
385775,1.0000,0.0007,0.0003,0.0000,0.0016,0.0010,0.3294
386108,1.0000,0.0007,0.0004,0.0000,0.0028,0.0005,0.3292
386442,1.0000,0.0007,0.0004,0.0000,0.0018,0.0012,0.3288
386775,1.0000,0.0007,0.0003,0.0000,0.0009,0.0014,0.3293
387108,1.0000,0.0007,0.0004,0.0000,0.0010,0.0011,0.3295
387442,1.0000,0.0007,0.0004,0.0000,0.0023,0.0007,0.3284
387775,1.0000,0.0007,0.0004,0.0000,0.0021,0.0005,0.3292
388108,1.0000,0.0007,0.0003,0.0000,0.0012,0.0008,0.3293
388442,1.0000,0.0007,0.0003,0.0000,0.0012,0.0010,0.3289
388775,1.0000,0.0007,0.0004,0.0000,0.0022,0.0012,0.3295
389108,1.0000,0.0007,0.0003,0.0000,0.0018,0.0008,0.3290
389442,1.0000,0.0007,0.0003,0.0000,0.0014,0.0005,0.3289
389775,1.0000,0.0007,0.0004,0.0000,0.0021,0.0012,0.3294
390108,1.0000,0.0007,0.0004,0.0000,0.0015,0.0010,0.3292
390442,1.0000,0.0007,0.0004,0.0000,0.0010,0.0010,0.3288
390775,1.0000,0.0007,0.0004,0.0000,0.0019,0.0008,0.3289
391108,1.0000,0.0007,0.0004,0.0000,0.0021,0.0009,0.3289
391442,1.0000,0.0007,0.0004,0.0000,0.0015,0.0011,0.3290
391775,1.0000,0.0007,0.0004,0.0000,0.0017,0.0009,0.3290
392108,1.0000,0.0007,0.0003,0.0000,0.0020,0.0008,0.3292
392442,1.0000,0.0007,0.0003,0.0000,0.0018,0.0011,0.3290
392775,1.0000,0.0007,0.0003,0.0000,0.0013,0.0011,0.3286
393109,1.0000,0.0007,0.0003,0.0000,0.0016,0.0006,0.3295
393442,1.0000,0.0007,0.0004,0.0000,0.0018,0.0010,0.3293
393775,1.0000,0.0007,0.0003,0.0000,0.0017,0.0011,0.3291
394109,1.0000,0.0007,0.0004,0.0000,0.0014,0.0011,0.3293
394442,1.0000,0.0007,0.0004,0.0000,0.0016,0.0007,0.3294
394775,1.0000,0.0007,0.0003,0.0000,0.0013,0.0008,0.3296
395109,1.0000,0.0007,0.0003,0.0000,0.0018,0.0012,0.3290
395442,1.0000,0.0007,0.0004,0.0000,0.0020,0.0010,0.3298
395775,1.0000,0.0007,0.0003,0.0000,0.0009,0.0007,0.3291
396109,1.0000,0.0007,0.0003,0.0000,0.0012,0.0011,0.3290
396442,1.0000,0.0007,0.0004,0.0000,0.0021,0.0010,0.3293
396775,1.0000,0.0007,0.0004,0.0000,0.0021,0.0005,0.3294
397109,1.0000,0.0007,0.0003,0.0000,0.0022,0.0007,0.3294
397442,1.0000,0.0007,0.0003,0.0000,0.0017,0.0008,0.3290
397775,1.0000,0.0007,0.0003,0.0000,0.0014,0.0012,0.3293
398109,1.0000,0.0007,0.0004,0.0000,0.0018,0.0020,0.3287
398442,1.0000,0.0007,0.0003,0.0000,0.0013,-0.0001,0.3294
398775,1.0000,0.0007,0.0004,0.0000,0.0023,0.0010,0.3291
399109,1.0000,0.0007,0.0004,0.0000,0.0011,0.0006,0.3291
399442,1.0000,0.0007,0.0004,0.0000,0.0023,0.0024,0.3289
399775,1.0000,0.0007,0.0004,0.0000,0.0018,0.0011,0.3291
400109,1.0000,0.0007,0.0004,0.0000,0.0015,0.0004,0.3294
400442,1.0000,0.0008,0.0004,0.0000,0.0020,0.0013,0.3292
400775,1.0000,0.0007,0.0004,0.0000,0.0013,0.0009,0.3292
401109,1.0000,0.0007,0.0004,0.0000,0.0022,0.0014,0.3291
401442,1.0000,0.0007,0.0004,0.0000,0.0017,0.0007,0.3292
401775,1.0000,0.0007,0.0004,0.0000,0.0017,0.0011,0.3285
402109,1.0000,0.0007,0.0003,0.0000,0.0018,0.0014,0.3291
402442,1.0000,0.0007,0.0003,0.0000,0.0011,0.0013,0.3293
402775,1.0000,0.0007,0.0003,0.0000,0.0016,0.0010,0.3289
403109,1.0000,0.0007,0.0003,0.0000,0.0013,0.0005,0.3288
403442,1.0000,0.0007,0.0004,0.0000,0.0019,0.0011,0.3293
403775,1.0000,0.0007,0.0003,0.0000,0.0011,0.0012,0.3293
404109,1.0000,0.0007,0.0003,0.0000,0.0015,0.0012,0.3291
404442,1.0000,0.0007,0.0003,0.0000,0.0019,0.0008,0.3291
404775,1.0000,0.0007,0.0003,0.0001,0.0010,0.0008,0.3295
405109,1.0000,0.0007,0.0003,0.0000,0.0027,0.0008,0.3293
405442,1.0000,0.0007,0.0003,0.0000,0.0022,0.0009,0.3292
405775,1.0000,0.0007,0.0003,0.0000,0.0010,0.0010,0.3298
406109,1.0000,0.0007,0.0003,0.0000,0.0018,0.0007,0.3290
406442,1.0000,0.0007,0.0004,0.0000,0.0021,0.0003,0.3294
406775,1.0000,0.0007,0.0003,0.0000,0.0017,0.0007,0.3292
407109,1.0000,0.0007,0.0003,0.0000,0.0011,0.0008,0.3290
407442,1.0000,0.0008,0.0004,0.0000,0.0018,0.0014,0.3293
407775,1.0000,0.0007,0.0004,0.0000,0.0016,0.0009,0.3293
408109,1.0000,0.0007,0.0004,0.0000,0.0015,0.0008,0.3296
408442,1.0000,0.0007,0.0004,0.0000,0.0019,0.0010,0.3296
408775,1.0000,0.0007,0.0004,0.0000,0.0022,0.0014,0.3293
409109,1.0000,0.0007,0.0004,0.0000,0.0016,0.0013,0.3288
409442,1.0000,0.0007,0.0003,0.0000,0.0010,0.0007,0.3292
409776,1.0000,0.0007,0.0003,0.0000,0.0015,0.0009,0.3289
410109,1.0000,0.0007,0.0004,0.0000,0.0022,0.0011,0.3293
410442,1.0000,0.0007,0.0004,0.0000,0.0015,0.0010,0.3292
410776,1.0000,0.0007,0.0003,0.0000,0.0011,0.0009,0.3292
411109,1.0000,0.0007,0.0003,0.0000,0.0019,0.0010,0.3292
411442,1.0000,0.0007,0.0004,0.0000,0.0021,0.0010,0.3291
411776,1.0000,0.0008,0.0003,0.0000,0.0012,0.0008,0.3295
412109,1.0000,0.0008,0.0004,0.0000,0.0015,0.0009,0.3296
412442,1.0000,0.0007,0.0004,0.0000,0.0019,0.0009,0.3292
412776,1.0000,0.0007,0.0003,0.0000,0.0019,0.0010,0.3289
413109,1.0000,0.0007,0.0003,0.0000,0.0016,0.0010,0.3297
413442,1.0000,0.0007,0.0003,0.0000,0.0014,0.0008,0.3294
413776,1.0000,0.0007,0.0003,0.0000,0.0013,0.0010,0.3295
414109,1.0000,0.0007,0.0003,0.0000,0.0014,0.0011,0.3294
414442,1.0000,0.0007,0.0003,0.0000,0.0018,0.0009,0.3293
414776,1.0000,0.0007,0.0004,0.0000,0.0019,0.0009,0.3295
415109,1.0000,0.0007,0.0004,0.0000,0.0012,0.0013,0.3292
415442,1.0000,0.0007,0.0004,0.0000,0.0013,0.0008,0.3291
415776,1.0000,0.0007,0.0003,0.0000,0.0020,0.0009,0.3293
416109,1.0000,0.0007,0.0003,0.0000,0.0018,0.0010,0.3293
416442,1.0000,0.0007,0.0003,0.0000,0.0013,0.0007,0.3297
416776,1.0000,0.0008,0.0004,0.0000,0.0013,0.0009,0.3294
417109,1.0000,0.0007,0.0003,0.0000,0.0020,0.0010,0.3296
417442,1.0000,0.0007,0.0003,0.0000,0.0018,0.0010,0.3294
417776,1.0000,0.0007,0.0004,0.0000,0.0016,0.0008,0.3290
418109,1.0000,0.0007,0.0003,0.0000,0.0019,0.0010,0.3293
418442,1.0000,0.0007,0.0003,0.0000,0.0016,0.0008,0.3290
418776,1.0000,0.0007,0.0003,0.0000,0.0018,0.0006,0.3295
419109,1.0000,0.0007,0.0004,0.0000,0.0022,0.0011,0.3294
419442,1.0000,0.0007,0.0004,0.0000,0.0014,0.0011,0.3293
419776,1.0000,0.0007,0.0003,0.0000,0.0014,0.0014,0.3298
420109,1.0000,0.0007,0.0004,0.0000,0.0014,0.0008,0.3295
420442,1.0000,0.0007,0.0003,0.0000,0.0021,0.0010,0.3293
420776,1.0000,0.0007,0.0004,0.0000,0.0017,0.0010,0.3289
421109,1.0000,0.0007,0.0003,0.0001,0.0013,0.0015,0.3290
421442,1.0000,0.0007,0.0004,0.0000,0.0017,0.0015,0.3287
421776,1.0000,0.0007,0.0004,0.0000,0.0018,0.0009,0.3289
422109,1.0000,0.0007,0.0004,0.0000,0.0019,0.0007,0.3291
422442,1.0000,0.0007,0.0003,0.0000,0.0013,0.0009,0.3290
422776,1.0000,0.0007,0.0004,0.0000,0.0018,0.0013,0.3293
423109,1.0000,0.0007,0.0003,0.0000,0.0013,0.0010,0.3293
423442,1.0000,0.0008,0.0004,0.0001,0.0014,0.0011,0.3293
423776,1.0000,0.0007,0.0004,0.0000,0.0020,0.0008,0.3293
424109,1.0000,0.0008,0.0004,0.0000,0.0017,0.0008,0.3292
424442,1.0000,0.0007,0.0004,0.0000,0.0015,0.0012,0.3292
424776,1.0000,0.0007,0.0004,0.0000,0.0019,0.0009,0.3294
425109,1.0000,0.0007,0.0003,0.0000,0.0021,0.0008,0.3288
425442,1.0000,0.0007,0.0003,0.0000,0.0018,0.0009,0.3295
425776,1.0000,0.0007,0.0004,0.0000,0.0011,0.0010,0.3293
426109,1.0000,0.0007,0.0004,0.0000,0.0016,0.0014,0.3290
426443,1.0000,0.0007,0.0004,0.0000,0.0018,0.0012,0.3299
426776,1.0000,0.0007,0.0004,0.0000,0.0037,0.0014,0.3292
427109,1.0000,0.0007,0.0004,0.0000,-0.0002,0.0013,0.3291
427443
